{
    "raizes 1": [-19.969856109489676, -43.96367690076781],
    "raízes 1": [-19.969856109489676, -43.96367690076781],
    "raiz 1": [-19.969856109489676, -43.96367690076781],
    "raíz 1": [-19.969856109489676, -43.96367690076781],
    "raizes 2": [-19.96987750032474, -43.963388616338555],
    "raízes 2": [-19.96987750032474, -43.963388616338555],
    "raiz 2": [-19.96987750032474, -43.963388616338555],
    "raíz 2": [-19.96987750032474, -43.963388616338555],
    "raizes 3": [-19.96989176087983, -43.96317998944897],
    "raízes 3": [-19.96989176087983, -43.96317998944897],
    "raiz 3": [-19.96989176087983, -43.96317998944897],
    "raíz 3": [-19.96989176087983, -43.96317998944897],
    "raizes 4": [-19.969824023231656, -43.96278170175067],
    "raízes 4": [-19.969824023231656, -43.96278170175067],
    "raiz 4": [-19.969824023231656, -43.96278170175067],
    "raíz 4": [-19.969824023231656, -43.96278170175067],
    "raizes 5": [-19.970159146048992, -43.96249721053759],
    "raízes 5": [-19.970159146048992, -43.96249721053759],
    "raiz 5": [-19.970159146048992, -43.96249721053759],
    "raíz 5": [-19.970159146048992, -43.96249721053759],
    "raizes 6": [-19.970419400511535, -43.963289992718025],
    "raízes 6": [-19.970419400511535, -43.963289992718025],
    "raiz 6": [-19.970419400511535, -43.963289992718025],
    "raíz 6": [-19.970419400511535, -43.963289992718025],
    "raizes 7": [-19.970651133575544, -43.96321412839454],
    "raízes 7": [-19.970651133575544, -43.96321412839454],
    "raiz 7": [-19.970651133575544, -43.96321412839454],
    "raíz 7": [-19.970651133575544, -43.96321412839454],
    "raizes 8": [-19.970979124407023, -43.96275894245362],
    "raízes 8": [-19.970979124407023, -43.96275894245362],
    "raiz 8": [-19.970979124407023, -43.96275894245362],
    "raíz 8": [-19.970979124407023, -43.96275894245362],
    "capela": [-19.970651133575544, -43.96266790526544],
    "capela unibh": [-19.970651133575544, -43.96266790526544],
    "capela são judas tadeu": [-19.970651133575544, -43.96266790526544],
    "capela sao judas tadeu": [-19.970651133575544, -43.96266790526544],
    "capela sao judas": [-19.970651133575544, -43.96266790526544],
    "são judas tadeu": [-19.970651133575544, -43.96266790526544],
    "sao judas tadeu": [-19.970651133575544, -43.96266790526544],
    "sao judas": [-19.970651133575544, -43.96266790526544],
    "biblioteca": [-19.969856109489676, -43.96367690076781],
    "portaria": [-19.97070507005798, -43.9647914402454],
    "entrada": [-19.97070507005798, -43.9647914402454],
    "lanchonete": [-19.970848762471537, -43.96404176283281],
    "lanchonete zito": [-19.971775933000565, -43.96389248930361],
    "zito": [-19.971775933000565, -43.96389248930361],
    "estacionamento": [-19.970560117051964, -43.963819139495826],
    "cafeteria": [-19.970837639210675, -43.96361509017953]
} 